{
  "model": {
    "n_phones": 51,
    "d_model": 128,
    "n_enc_layers": 4,
    "n_dec_layers": 4,
    "n_heads": 4,
    "d_ff": 512,
    "kernel_size": 9,
    "n_mels": 80,
    "n_phrase_types": 4,
    "n_speakers": 6,
    "n_style_dims": 5
  },
  "audio": {
    "sample_rate": 22050,
    "n_fft": 1024,
    "hop_length": 256,
    "n_mels": 80,
    "fmin": 0,
    "fmax": 8000
  },
  "enhance": {
    "spectral_alpha": 0.2,
    "temporal_alpha": 0.2,
    "noise_gate_threshold": -8.0,
    "silence_val": -11.5,
    "fade_frames": 5
  },
  "embeddings": {
    "pitch_emb_weight": [
      -0.4718520939350128,
      0.3480072319507599,
      0.03599158674478531,
      -0.24844077229499817,
      -0.48879358172416687,
      0.11696624755859375,
      -0.34757688641548157,
      0.6962783932685852,
      0.6990188360214233,
      -0.7809556722640991,
      0.6995212435722351,
      0.7396167516708374,
      0.7097010612487793,
      0.5581541657447815,
      -0.07140423357486725,
      0.24832123517990112,
      0.2772340774536133,
      -0.5451119542121887,
      0.08081691712141037,
      -0.617845892906189,
      -0.733388364315033,
      -0.4718374013900757,
      -0.15725843608379364,
      -0.3611977994441986,
      0.5780607461929321,
      0.7235070466995239,
      0.33577316999435425,
      0.2938600182533264,
      -0.3251417577266693,
      0.3219829499721527,
      0.7469310164451599,
      0.4723738431930542,
      0.7367534637451172,
      -0.570817232131958,
      0.5949864387512207,
      0.7570181488990784,
      -0.26938337087631226,
      -0.6690502166748047,
      -0.46779125928878784,
      0.2664697468280792,
      0.2979847192764282,
      -0.8068094849586487,
      0.016109734773635864,
      0.7814584374427795,
      -0.7435590028762817,
      0.606732189655304,
      0.12206266820430756,
      -0.8417539596557617,
      0.15062406659126282,
      -0.736872673034668,
      0.7953256368637085,
      0.19538699090480804,
      -0.6669325232505798,
      0.6065926551818848,
      -0.657956600189209,
      -0.005475011188536882,
      -0.3717712163925171,
      0.3045732378959656,
      0.19518452882766724,
      0.16921421885490417,
      -0.47429466247558594,
      0.26675960421562195,
      0.1587580442428589,
      -0.5907806754112244,
      -0.7708774209022522,
      0.5972164869308472,
      0.5105845332145691,
      0.39942649006843567,
      -0.24956046044826508,
      -0.5721949338912964,
      0.7476399540901184,
      0.2440418303012848,
      0.1503572016954422,
      -0.7743882536888123,
      0.4785187840461731,
      0.7362356185913086,
      0.45532506704330444,
      0.015379700809717178,
      -0.5381869673728943,
      -0.647905707359314,
      0.5987836122512817,
      -0.5849276781082153,
      -0.657740592956543,
      -0.14954401552677155,
      0.9020621180534363,
      -0.8481846451759338,
      0.44409826397895813,
      -0.5046619176864624,
      0.46070778369903564,
      0.38617533445358276,
      0.19666357338428497,
      0.3634187877178192,
      -0.32612645626068115,
      0.5908406376838684,
      0.6711345314979553,
      -0.31312933564186096,
      -0.6427942514419556,
      -0.14357179403305054,
      0.18988990783691406,
      0.14886625111103058,
      0.08167300373315811,
      -0.737086832523346,
      0.6204578280448914,
      0.1049346998333931,
      -0.5234410762786865,
      0.883123517036438,
      0.7197214961051941,
      -0.1420387178659439,
      -0.3323672413825989,
      0.4938015937805176,
      -0.7600757479667664,
      -0.09822407364845276,
      -0.41343146562576294,
      0.7986909747123718,
      -0.7681789398193359,
      0.6871296167373657,
      -0.6524277329444885,
      0.09223262965679169,
      0.10647955536842346,
      -0.34428030252456665,
      0.7843493223190308,
      -0.41328513622283936,
      -0.4179667532444,
      0.08538717776536942,
      0.21645204722881317,
      -0.023538099601864815,
      0.12645187973976135,
      -0.5792424082756042
    ],
    "pitch_emb_bias": [
      0.8056920766830444,
      -1.087903618812561,
      -0.40829068422317505,
      0.8119922280311584,
      0.40089237689971924,
      -0.7970790863037109,
      -0.49638769030570984,
      -0.6095516085624695,
      -0.5087942481040955,
      1.0219451189041138,
      -1.065421462059021,
      -1.0027215480804443,
      0.8910565972328186,
      -0.3678797781467438,
      -0.2953681945800781,
      -0.15687042474746704,
      0.7075633406639099,
      0.5263749361038208,
      0.686918318271637,
      0.7368912100791931,
      0.9715823531150818,
      0.1400008499622345,
      -0.32844802737236023,
      0.43911993503570557,
      -0.4556539058685303,
      -0.797068178653717,
      -0.22948867082595825,
      0.06606444716453552,
      0.262313574552536,
      0.741814911365509,
      -0.4499119818210602,
      -0.4262985289096832,
      0.3818497955799103,
      -0.15409626066684723,
      -0.23718315362930298,
      -0.15042348206043243,
      0.9158446788787842,
      -0.31449034810066223,
      -0.23001828789710999,
      0.5487335324287415,
      -0.5355719923973083,
      0.14262033998966217,
      -0.924720287322998,
      -0.849148690700531,
      0.8099395036697388,
      -0.7618802189826965,
      -0.06037527322769165,
      0.5202084183692932,
      0.3612520396709442,
      0.9144951701164246,
      0.6839989423751831,
      -0.7846881747245789,
      0.7289552688598633,
      -0.8346035480499268,
      -0.7518826127052307,
      -0.6969187259674072,
      -0.08630623668432236,
      0.2248487025499344,
      0.7534404993057251,
      -0.28716954588890076,
      -0.560689389705658,
      -0.15798619389533997,
      0.23280692100524902,
      -0.15599395334720612,
      0.6099476218223572,
      -1.0941036939620972,
      -0.12527994811534882,
      -0.1049526035785675,
      0.9841574430465698,
      -0.26431116461753845,
      -0.08150243014097214,
      -0.37551555037498474,
      -1.0586220026016235,
      0.628909707069397,
      -0.004398281220346689,
      0.5655214786529541,
      -0.6325652599334717,
      0.12305694073438644,
      0.6637198328971863,
      1.0797770023345947,
      0.3186357617378235,
      0.550804615020752,
      -0.09484423696994781,
      0.8287584185600281,
      0.2843853533267975,
      -0.11899822950363159,
      0.15748178958892822,
      -0.756549060344696,
      -0.7590897083282471,
      0.4741721451282501,
      0.415605366230011,
      1.00027596950531,
      -0.4518639147281647,
      0.9623950123786926,
      0.08064841479063034,
      0.8120054006576538,
      -0.7637359499931335,
      0.37536293268203735,
      -0.5324812531471252,
      0.5595834255218506,
      -0.8056475520133972,
      -0.6087031364440918,
      -0.37717756628990173,
      -0.26085177063941956,
      -0.7959527969360352,
      -0.923714816570282,
      -1.12322199344635,
      -0.8930665850639343,
      0.5227975249290466,
      0.007272039540112019,
      -0.6863157749176025,
      0.4920358657836914,
      0.6798037886619568,
      -0.17635242640972137,
      -0.5268811583518982,
      -0.7045549154281616,
      0.45950907468795776,
      -0.5560467839241028,
      -0.1543339043855667,
      0.8844886422157288,
      -0.40524786710739136,
      -0.3010235130786896,
      -0.7406004071235657,
      1.0102043151855469,
      -0.6437638998031616,
      0.5960636734962463,
      0.5243638753890991,
      0.8991788029670715
    ],