{
  "n": 500,
  "offset": 0,
  "results": {
    "lectura": {
      "tp": 413,
      "fp": 52,
      "fn": 344,
      "tn": 6859,
      "time": 2.963433694007108
    },
    "grammalecte": {
      "tp": 203,
      "fp": 169,
      "fn": 554,
      "tn": 6750,
      "time": 2.1715591729735024
    }
  }
}