{
  "description": "Matrice de transition bigram POS (log-probabilites, Laplace alpha=0.01)",
  "n_phrases": 270000,
  "alpha": 0.01,
  "pos_labels": [
    "ADJ",
    "ADJ:dem",
    "ADJ:int",
    "ADJ:pos",
    "ADV",
    "ART:def",
    "ART:ind",
    "AUX",
    "CON",
    "INTJ",
    "NOM",
    "PRE",
    "PRO:dem",
    "PRO:ind",
    "PRO:int",
    "PRO:per",
    "PRO:rel",
    "VER"
  ],
  "log_probs": {
    "<BOS>": {
      "ADJ": -3.4194740785608553,
      "ADJ:dem": -3.4129322173575707,
      "ADJ:int": -10.307842870063721,
      "ADJ:pos": -3.74462623613951,
      "ADV": -2.6439286161141355,
      "ART:def": -1.4354073475340525,
      "ART:ind": -3.2230509701824768,
      "AUX": -4.917849201070425,
      "CON": -4.308911816211182,
      "INTJ": -6.9967491200455605,
      "NOM": -2.004705624309869,
      "PRE": -1.821142983993745,
      "PRO:dem": -4.490517024622174,
      "PRO:ind": -4.8255358973285185,
      "PRO:int": -11.404237862923184,
      "PRO:per": -1.7624816688695077,
      "PRO:rel": -7.752501547396652,
      "VER": -2.9526727782754696,
      "<EOS>": -17.11134812767206
    },
    "ADJ": {
      "ADJ": -2.8577470700685303,
      "ADJ:dem": -6.281670006885375,
      "ADJ:int": -17.395624232863756,
      "ADJ:pos": -5.309456247043447,
      "ADV": -3.96474580435284,
      "ART:def": -3.452951648691432,
      "ART:ind": -3.0962681630566524,
      "AUX": -3.168997232372546,
      "CON": -2.682149452319939,
      "INTJ": -9.956652640467894,
      "NOM": -1.113286053657763,
      "PRE": -1.7550321051784927,
      "PRO:dem": -6.030027768373855,
      "PRO:ind": -6.59602824781597,
      "PRO:int": -17.395624232863756,
      "PRO:per": -4.206161241721088,
      "PRO:rel": -4.423848889053942,
      "VER": -2.845248421417477,
      "<EOS>": -1.971315767224742
    },
    "ADJ:dem": {
      "ADJ": -2.397861218463195,
      "ADJ:dem": -14.809324765371267,
      "ADJ:int": -14.809324765371267,
      "ADJ:pos": -14.809324765371267,
      "ADV": -7.430941052374553,
      "ART:def": -8.8153633380647,
      "ART:ind": -7.900569986056047,
      "AUX": -7.495437933737806,
      "CON": -9.102214500622392,
      "INTJ": -14.809324765371267,
      "NOM": -0.11165912357245311,
      "PRE": -7.259189422882838,
      "PRO:dem": -14.809324765371267,
      "PRO:ind": -14.809324765371267,
      "PRO:int": -14.809324765371267,
      "PRO:per": -9.506019857312193,
      "PRO:rel": -8.8153633380647,
      "VER": -4.487093983781133,
      "<EOS>": -7.159156064526267
    },
    "ADJ:int": {
      "ADJ": -4.423125818496405,
      "ADJ:dem": -9.038246335337664,
      "ADJ:int": -9.038246335337664,
      "ADJ:pos": -9.038246335337664,
      "ADV": -9.038246335337664,
      "ART:def": -9.038246335337664,
      "ART:ind": -9.038246335337664,
      "AUX": -9.038246335337664,
      "CON": -9.038246335337664,
      "INTJ": -9.038246335337664,
      "NOM": -0.026234958301252678,
      "PRE": -9.038246335337664,
      "PRO:dem": -9.038246335337664,
      "PRO:ind": -9.038246335337664,
      "PRO:int": -9.038246335337664,
      "PRO:per": -9.038246335337664,
      "PRO:rel": -9.038246335337664,
      "VER": -4.423125818496405,
      "<EOS>": -9.038246335337664
    },
    "ADJ:pos": {
      "ADJ": -2.419613307186298,
      "ADJ:dem": -7.52039783605559,
      "ADJ:int": -15.493208620176993,
      "ADJ:pos": -7.453728701076545,
      "ADV": -4.423434554296263,
      "ART:def": -5.315846379920298,
      "ART:ind": -5.536132908470937,
      "AUX": -6.810331513119825,
      "CON": -7.453728701076545,
      "INTJ": -15.493208620176993,
      "NOM": -0.15571504328898042,
      "PRE": -4.999132775408658,
      "PRO:dem": -7.103621553365903,
      "PRO:ind": -7.89180628559326,
      "PRO:int": -15.493208620176993,
      "PRO:per": -5.775990406682918,
      "PRO:rel": -7.943073277688565,
      "VER": -3.987297699700983,
      "<EOS>": -6.410587989803182
    },
    "ADV": {
      "ADJ": -1.7895855915267163,
      "ADJ:dem": -5.71911082613694,
      "ADJ:int": -12.065285516940072,
      "ADJ:pos": -4.809799131556745,
      "ADV": -2.6054577973199944,
      "ART:def": -2.867598124684565,
      "ART:ind": -2.737645394387761,
      "AUX": -3.9534554586336057,
      "CON": -3.076479842662567,
      "INTJ": -9.03023733293633,
      "NOM": -1.8982535131579559,
      "PRE": -1.697254449638523,
      "PRO:dem": -5.8706578834084056,
      "PRO:ind": -6.381470039523693,
      "PRO:int": -10.973295769032456,
      "PRO:per": -3.8222660479508233,
      "PRO:rel": -7.064533889252441,
      "VER": -1.794750908169481,
      "<EOS>": -3.3747199342496854
    },
    "ART:def": {
      "ADJ": -2.7925142810043493,
      "ADJ:dem": -9.093234034950715,
      "ADJ:int": -17.387533643807952,
      "ADJ:pos": -8.217911105110327,
      "ADV": -4.418785422982388,
      "ART:def": -5.529593957638776,
      "ART:ind": -6.431460289250423,
      "AUX": -7.032938625284957,
      "CON": -5.6184090335691845,
      "INTJ": -10.216645165295445,
      "NOM": -0.12191170640994474,
      "PRE": -4.541975704480572,
      "PRO:dem": -9.255708858800755,
      "PRO:ind": -5.846983284225603,
      "PRO:int": -17.387533643807952,
      "PRO:per": -5.4108678733171836,
      "PRO:rel": -8.03734437671537,
      "VER": -6.2780603143353835,
      "<EOS>": -4.542767363601852
    },
    "ART:ind": {
      "ADJ": -2.502475666995738,
      "ADJ:dem": -9.175936848838493,
      "ADJ:int": -16.959577445059747,
      "ADJ:pos": -8.4623829001502,
      "ADV": -5.4979347482166805,
      "ART:def": -6.933828012990664,
      "ART:ind": -5.433725883203385,
      "AUX": -7.09685980506683,
      "CON": -6.335789713971169,
      "INTJ": -11.252467180310871,
      "NOM": -0.11263446531074874,
      "PRE": -7.888384204493723,
      "PRO:dem": -9.358175110476013,
      "PRO:ind": -6.640641450806553,
      "PRO:int": -16.959577445059747,
      "PRO:per": -7.166965588869555,
      "PRO:rel": -7.6447869717270995,
      "VER": -6.02645261835904,
      "<EOS>": -4.984170320055183
    },
    "AUX": {
      "ADJ": -2.6220751502574484,
      "ADJ:dem": -7.487385056286126,
      "ADJ:int": -11.988404116022222,
      "ADJ:pos": -5.513703944181108,
      "ADV": -2.1203380474136426,
      "ART:def": -2.9175523079509134,
      "ART:ind": -3.014662511153125,
      "AUX": -2.668631430410582,
      "CON": -5.94389162670313,
      "INTJ": -10.204929698328273,
      "NOM": -2.787813095097001,
      "PRE": -2.6698746583096087,
      "PRO:dem": -6.131858061731443,
      "PRO:ind": -6.967851168141668,
      "PRO:int": -16.603524632863483,
      "PRO:per": -5.156728286694185,
      "PRO:rel": -7.903843231873968,
      "VER": -0.7234195822018968,
      "<EOS>": -6.001877482943872
    },
    "CON": {
      "ADJ": -2.548390655130822,
      "ADJ:dem": -4.980181251725755,
      "ADJ:int": -11.16756642458619,
      "ADJ:pos": -3.6057229002393707,
      "ADV": -2.876255606261684,
      "ART:def": -1.8575828947143231,
      "ART:ind": -2.6043815796174674,
      "AUX": -3.7218902646022847,
      "CON": -4.851776679081325,
      "INTJ": -9.031899740249402,
      "NOM": -1.6009438723599978,
      "PRE": -2.071637353584673,
      "PRO:dem": -4.5946856542974395,
      "PRO:ind": -5.506109977096394,
      "PRO:int": -16.470871332645263,
      "PRO:per": -3.049587767624872,
      "PRO:rel": -5.749786946362602,
      "VER": -1.8106945167812993,
      "<EOS>": -4.318721752109715
    },
    "INTJ": {
      "ADJ": -3.824841115683889,
      "ADJ:dem": -4.443221707161804,
      "ADJ:int": -10.995729594196394,
      "ADJ:pos": -4.77912349311153,
      "ADV": -2.726741384689738,
      "ART:def": -3.9048197721164106,
      "ART:ind": -1.379857449667504,
      "AUX": -3.445594251707965,
      "CON": -3.6818427625629324,
      "INTJ": -2.32994399873033,
      "NOM": -1.9477905115790355,
      "PRE": -2.652651723027012,
      "PRO:dem": -4.309868647128035,
      "PRO:ind": -5.288619329447519,
      "PRO:int": -10.995729594196394,
      "PRO:per": -3.345560893351394,
      "PRO:rel": -3.9048197721164106,