{
  "model": {
    "n_phones": 51,
    "d_model": 128,
    "n_enc_layers": 4,
    "n_dec_layers": 4,
    "n_heads": 4,
    "d_ff": 512,
    "kernel_size": 9,
    "n_mels": 80,
    "n_phrase_types": 4
  },
  "audio": {
    "sample_rate": 22050,
    "n_fft": 1024,
    "hop_length": 256,
    "n_mels": 80,
    "fmin": 0,
    "fmax": 8000
  },
  "enhance": {
    "spectral_alpha": 0.2,
    "temporal_alpha": 0.2,
    "noise_gate_threshold": -8.0,
    "silence_val": -11.5,
    "fade_frames": 5
  },
  "embeddings": {
    "pitch_emb_weight": [
      -0.06173284724354744,
      0.06374194473028183,
      -0.6409738063812256,
      -0.12409631162881851,
      -0.4226178228855133,
      -0.3620702624320984,
      -0.7007319331169128,
      0.29604801535606384,
      0.18486544489860535,
      -0.3702140748500824,
      -0.24793623387813568,
      -0.27059605717658997,
      -0.17289558053016663,
      -0.30481672286987305,
      0.38722747564315796,
      0.374538391828537,
      0.2347572147846222,
      -0.009529607370495796,
      -0.20506931841373444,
      -0.6458244919776917,
      0.02468421310186386,
      -0.21111635863780975,
      -0.3156515657901764,
      0.2761322855949402,
      0.43764063715934753,
      0.538527250289917,
      -0.04612012207508087,
      -0.127085343003273,
      -0.15386906266212463,
      -0.39411136507987976,
      0.6952301263809204,
      0.34879159927368164,
      0.1183646097779274,
      0.04387674108147621,
      -0.2869700491428375,
      -0.19739313423633575,
      0.09452880173921585,
      0.6408777832984924,
      0.3108936548233032,
      -0.10814554244279861,
      -0.04687904566526413,
      0.19479653239250183,
      0.3379642367362976,
      -0.285724401473999,
      -0.012628988362848759,
      -0.1174604520201683,
      0.3074040412902832,
      0.220771923661232,
      0.7149652242660522,
      -0.6295111775398254,
      0.24193544685840607,
      -0.3744976222515106,
      -0.6149397492408752,
      0.6756141781806946,
      -0.5486616492271423,
      -0.2172660082578659,
      0.1382225751876831,
      0.05116013064980507,
      -0.44847238063812256,
      0.4645744264125824,
      -0.08107656240463257,
      0.08646996319293976,
      0.6010881066322327,
      -0.09294073283672333,
      -0.0991121232509613,
      -0.12946854531764984,
      -0.6471954584121704,
      0.2854124903678894,
      0.3779270052909851,
      -0.728493332862854,
      -0.38982680439949036,
      0.26775676012039185,
      -0.5927680134773254,
      0.4196632206439972,
      -0.0831148624420166,
      0.11799445748329163,
      0.10860707610845566,
      0.5310458540916443,
      -0.28035637736320496,
      0.42656636238098145,
      0.5325238108634949,
      -0.8099195957183838,
      0.792173445224762,
      0.35055968165397644,
      -0.7777144312858582,
      0.23584094643592834,
      -0.3372822403907776,
      -0.4119090139865875,
      0.2264978438615799,
      0.18541736900806427,
      0.9988114833831787,
      0.2638804614543915,
      0.4258574843406677,
      0.34227055311203003,
      0.0008457724470645189,
      0.4730479121208191,
      -0.4518037736415863,
      -0.3361043632030487,
      -0.07474303245544434,
      0.31230878829956055,
      -0.5739284753799438,
      -0.6176319718360901,
      -0.26846152544021606,
      -0.2771082818508148,
      -0.35091182589530945,
      0.7345401048660278,
      -0.304933100938797,
      0.28249213099479675,
      0.6721410751342773,
      -0.17050231993198395,
      0.23238453269004822,
      0.0555325411260128,
      -0.09154372662305832,
      0.1375890076160431,
      0.5317469835281372,
      0.5591480135917664,
      0.629034698009491,
      0.40634390711784363,
      -0.4987139105796814,
      -0.5986979603767395,
      0.03098786249756813,
      -0.31751784682273865,
      -0.6790887117385864,
      -0.20992007851600647,
      0.35230475664138794,
      -0.6354862451553345,
      -0.21217361092567444,
      -0.0730782002210617
    ],
    "pitch_emb_bias": [
      0.5655660033226013,
      0.9336080551147461,
      1.211661458015442,
      0.042334746569395065,
      -0.1399608999490738,
      0.3010735511779785,
      1.370758295059204,
      -1.0268560647964478,
      -0.681008517742157,
      -0.22244803607463837,
      0.7580913305282593,
      -0.5382277965545654,
      0.513010561466217,
      0.5003167390823364,
      -1.0413033962249756,
      0.09922835975885391,
      0.2093149572610855,
      -0.6045979857444763,
      -0.2307615429162979,
      0.6847500801086426,
      -0.1933106929063797,
      -0.6883895993232727,
      -0.07306788116693497,
      -0.848913311958313,
      -0.36997395753860474,
      -0.7278660535812378,
      -0.37046024203300476,
      -0.5853314399719238,
      0.0224513728171587,
      -0.47691282629966736,
      -0.8992341160774231,
      -0.7286236882209778,
      -0.6509463787078857,
      -0.4314119517803192,
      0.46095821261405945,
      -0.08082950860261917,
      0.5047756433486938,
      -0.6666350364685059,
      -1.4902451038360596,
      0.28212878108024597,
      0.29638221859931946,
      -0.4936659038066864,
      -0.5805000066757202,
      1.418563961982727,
      0.115656778216362,
      -0.7523173093795776,
      -0.022431643679738045,
      -0.5875018239021301,
      -1.2415834665298462,
      0.9219452142715454,
      -0.22956320643424988,
      0.0038378422614187002,
      0.2977687120437622,
      -0.4588794410228729,
      -0.047118958085775375,
      0.5293805599212646,
      0.06983520090579987,
      -0.3837601840496063,
      0.6180710196495056,
      -0.8975124359130859,
      0.10776969790458679,
      0.596066415309906,
      0.2542789876461029,
      -0.9337514042854309,
      0.32476985454559326,
      -0.05816006287932396,
      -0.5203147530555725,
      0.26844078302383423,
      0.4984511137008667,
      0.48150762915611267,
      0.16688980162143707,
      0.10611189156770706,
      -0.05174956098198891,
      -1.015289306640625,
      -0.0931958481669426,
      0.15862107276916504,
      -0.5466387867927551,
      -1.054121732711792,
      -0.4130740761756897,
      -1.1955722570419312,
      0.5486378073692322,
      0.6373445987701416,
      0.5944342017173767,
      -1.33253014087677,
      1.2479636669158936,
      -1.3109804391860962,
      -0.49386635422706604,
      -0.27357715368270874,
      0.6974503397941589,
      -0.9334982633590698,
      -0.5088722705841064,
      -0.5431101322174072,
      -0.5169989466667175,
      -0.6627485752105713,
      -0.2510983645915985,
      -0.5696922540664673,
      0.045443419367074966,
      -0.7220445871353149,
      -0.7830795049667358,
      -0.35847294330596924,
      -0.3270080089569092,
      -0.011712513864040375,
      0.9574275016784668,
      0.8067458868026733,
      0.10772542655467987,
      0.5277400612831116,
      -0.5420833826065063,
      -1.0025057792663574,
      -0.9625357389450073,
      -0.4377017021179199,
      0.25223296880722046,
      0.4980967342853546,
      -0.6153910160064697,
      0.060115963220596313,
      -0.3958396017551422,
      -0.6032920479774475,
      -0.00604685815051198,
      -0.13205896317958832,
      -0.24867574870586395,
      1.1046621799468994,
      -0.6044769287109375,
      0.5509269833564758,
      0.7040435075759888,
      0.8669683337211609,
      0.3842220902442932,
      -0.28508132696151733,
      0.13645295798778534,
      -0.6068856120109558
    ],