{
  "model": {
    "n_phones": 51,
    "d_model": 128,
    "n_enc_layers": 4,
    "n_dec_layers": 4,
    "n_heads": 4,
    "d_ff": 512,
    "kernel_size": 9,
    "n_mels": 80,
    "n_phrase_types": 4
  },
  "audio": {
    "sample_rate": 22050,
    "n_fft": 1024,
    "hop_length": 256,
    "n_mels": 80,
    "fmin": 0,
    "fmax": 8000
  },
  "enhance": {
    "spectral_alpha": 0.2,
    "temporal_alpha": 0.2,
    "noise_gate_threshold": -8.0,
    "silence_val": -11.5,
    "fade_frames": 5
  },
  "embeddings": {
    "pitch_emb_weight": [
      -0.5306817293167114,
      0.35275933146476746,
      -0.060173459351062775,
      -0.23316040635108948,
      -0.4640493392944336,
      0.11123354732990265,
      -0.4683724641799927,
      0.6679708957672119,
      0.7214322090148926,
      -0.8219406604766846,
      0.6941395401954651,
      0.7592731714248657,
      0.7366275191307068,
      0.5393466949462891,
      -0.1340380758047104,
      0.3156963884830475,
      0.43936532735824585,
      -0.5635514855384827,
      0.05544804781675339,
      -0.7521623373031616,
      -0.8383771181106567,
      -0.6153185963630676,
      -0.1476171612739563,
      -0.3013060688972473,
      0.5890101194381714,
      0.7380760312080383,
      0.49272680282592773,
      0.2437143176794052,
      -0.33570683002471924,
      0.46103528141975403,
      0.8946477174758911,
      0.5041140913963318,
      0.8514246344566345,
      -0.6943621635437012,
      0.6588700413703918,
      0.8800478577613831,
      -0.2965216338634491,
      -0.8373824954032898,
      -0.562547504901886,
      0.45255404710769653,
      0.32174718379974365,
      -0.9335090517997742,
      0.13265222311019897,
      0.8169840574264526,
      -0.8320789933204651,
      0.6815260052680969,
      0.11617439240217209,
      -0.9180207252502441,
      0.2022397816181183,
      -0.8247794508934021,
      0.9091120362281799,
      0.3034789562225342,
      -0.7255001664161682,
      0.6389070153236389,
      -0.7307597994804382,
      0.02067384123802185,
      -0.5483808517456055,
      0.28675058484077454,
      0.24935823678970337,
      0.1259731650352478,
      -0.513823926448822,
      0.2687561810016632,
      0.1514252871274948,
      -0.6594223380088806,
      -0.7399207949638367,
      0.609185516834259,
      0.5749266147613525,
      0.39070236682891846,
      -0.296955943107605,
      -0.6272296905517578,
      0.7614609599113464,
      0.2552037537097931,
      0.15466773509979248,
      -0.8191748261451721,
      0.49904748797416687,
      0.8208565711975098,
      0.4405380189418793,
      -0.041271109133958817,
      -0.57996666431427,
      -0.6885548233985901,
      0.6431514024734497,
      -0.6154630184173584,
      -0.7081312537193298,
      -0.11644142866134644,
      0.9682218432426453,
      -0.8460798263549805,
      0.41321098804473877,
      -0.5921016335487366,
      0.5265565514564514,
      0.5084203481674194,
      0.21233133971691132,
      0.3476381003856659,
      -0.3710078299045563,
      0.6495325565338135,
      0.7014856934547424,
      -0.3009280264377594,
      -0.7047813534736633,
      -0.09856731444597244,
      0.08358775079250336,
      0.2181023359298706,
      0.02610849216580391,
      -0.8241099119186401,
      0.5940781235694885,
      0.13421808183193207,
      -0.5162938833236694,
      0.9439280033111572,
      0.7497875690460205,
      -0.1751433163881302,
      -0.3780859410762787,
      0.5857572555541992,
      -0.8672957420349121,
      -0.0777752622961998,
      -0.5090929865837097,
      0.8641943335533142,
      -0.9055752754211426,
      0.8835729956626892,
      -0.6786680817604065,
      -0.0235043466091156,
      0.10986731201410294,
      -0.3224480450153351,
      0.91255784034729,
      -0.360745906829834,
      -0.4387300908565521,
      0.1202545240521431,
      0.24044722318649292,
      -0.008110999129712582,
      0.105037160217762,
      -0.569188117980957
    ],
    "pitch_emb_bias": [
      0.711150050163269,
      -1.0293365716934204,
      -0.5270524024963379,
      0.8098105192184448,
      0.45128464698791504,
      -0.7628509998321533,
      -0.6268740296363831,
      -0.6137271523475647,
      -0.44778576493263245,
      0.9394150376319885,
      -1.0339759588241577,
      -0.9386717677116394,
      0.9099650979042053,
      -0.3537687659263611,
      -0.3533461093902588,
      -0.10609183460474014,
      0.8314308524131775,
      0.5124695897102356,
      0.6478503346443176,
      0.6035891175270081,
      0.857294499874115,
      -0.0077590057626366615,
      -0.31275850534439087,
      0.5144534111022949,
      -0.4175560772418976,
      -0.7485101222991943,
      -0.0875653624534607,
      0.017110448330640793,
      0.26654213666915894,
      0.8555524945259094,
      -0.3384540379047394,
      -0.3728218078613281,
      0.4930053651332855,
      -0.24231678247451782,
      -0.2023146152496338,
      -0.05197177827358246,
      0.9011756181716919,
      -0.41859740018844604,
      -0.29151102900505066,
      0.6732756495475769,
      -0.506648600101471,
      0.06484387069940567,
      -0.8258592486381531,
      -0.8011386394500732,
      0.7640984654426575,
      -0.6957497596740723,
      -0.02989194355905056,
      0.4627508819103241,
      0.3985247313976288,
      0.8269677758216858,
      0.7376907467842102,
      -0.6908496618270874,
      0.6574680209159851,
      -0.7795647978782654,
      -0.7846032977104187,
      -0.6450437307357788,
      -0.21147537231445312,
      0.2130148857831955,
      0.7609480023384094,
      -0.30938562750816345,
      -0.5488389134407043,
      -0.10592256486415863,
      0.20561760663986206,
      -0.2520906329154968,
      0.6174285411834717,
      -1.0320427417755127,
      -0.01282974611967802,
      -0.08480770885944366,
      0.948111355304718,
      -0.25743257999420166,
      -0.013908801600337029,
      -0.3138256371021271,
      -1.00007164478302,
      0.5455620884895325,
      0.03303059563040733,
      0.6662263870239258,
      -0.5915867686271667,
      0.11795296519994736,
      0.5885151028633118,
      0.9968893527984619,
      0.30523547530174255,
      0.49911972880363464,
      -0.16603532433509827,
      0.8384128212928772,
      0.3859933614730835,
      -0.1437395066022873,
      0.13742545247077942,
      -0.8479949235916138,
      -0.6532399654388428,
      0.5612605810165405,
      0.39671453833580017,
      0.9542818665504456,
      -0.4723445475101471,
      0.9728102684020996,
      0.07827919721603394,
      0.7700138688087463,
      -0.778174102306366,
      0.3721453547477722,
      -0.6274232864379883,
      0.5778244733810425,
      -0.878558874130249,
      -0.6975088715553284,
      -0.35430997610092163,
      -0.25156787037849426,
      -0.8134371638298035,
      -0.8264991641044617,
      -1.047329068183899,
      -0.8806026577949524,
      0.43256130814552307,
      0.11225081235170364,
      -0.8147355318069458,
      0.4593338072299957,
      0.5550807118415833,
      -0.08290977776050568,
      -0.6137527823448181,
      -0.5439753532409668,
      0.4112605154514313,
      -0.6290678977966309,
      -0.10450191795825958,
      0.8526344895362854,
      -0.26400119066238403,
      -0.2641216516494751,
      -0.7222859859466553,
      0.9936513900756836,
      -0.5801072120666504,
      0.5536991357803345,
      0.481201708316803,
      0.8538773059844971
    ],